id,robot_x,robot_y,robot_z,cv_x,cv_y,cv_z
80,249.232,257.977,0.838,518.14,216.6,
81,397.9895,257.3885,1.032,820.25,212.0,
82,546.747,256.8,1.226,1122.87,207.72,
83,248.0515,158.2855,0.6875,520.66,417.75,
84,396.85175,157.57675,0.74825,823.2,413.38,
86,545.652,156.868,0.809,1125.91,408.86,
87,246.871,58.594,0.537,523.03,619.4,
88,395.714,57.765,0.4645,826.07,614.85,
91,544.557,56.936,0.392,1128.75,610.4,
